Eteläesplanadi,Kaivokatu,Kuusisaarentie,Merikannontie,Länsituulenkuja,year,month,day,weekday
999,1608,699,1287,646,2017,11,10,4
328,377,110,266,267,2017,11,11,5
316,474,252,564,228,2017,11,12,6
1149,1753,888,1537,730,2017,11,13,0
1246,1825,812,1505,787,2017,11,14,1
1169,1759,747,1476,662,2017,11,15,2
1123,1782,737,1378,596,2017,11,16,3
807,1225,484,928,501,2017,11,17,4
307,512,133,328,306,2017,11,18,5
217,356,125,257,190,2017,11,19,6
730,1330,588,1141,606,2017,11,20,0
631,1054,475,854,406,2017,11,21,1
794,1177,514,973,502,2017,11,22,2
587,845,441,726,389,2017,11,23,3
687,1082,406,768,445,2017,11,24,4
442,601,194,456,457,2017,11,25,5
227,449,106,302,187,2017,11,26,6
765,1311,507,1148,538,2017,11,27,0
794,1198,539,1055,523,2017,11,28,1
754,1110,436,975,494,2017,11,29,2
761,1087,456,1013,509,2017,11,30,3
464,645,293,626,329,2017,12,1,4
301,406,110,238,186,2017,12,2,5
174,288,87,203,146,2017,12,3,6
868,1315,574,1083,610,2017,12,4,0
842,1335,481,929,507,2017,12,5,1
337,508,109,318,122,2017,12,6,2
574,828,390,685,356,2017,12,7,3
490,883,301,611,376,2017,12,8,4
343,569,156,319,297,2017,12,9,5
280,463,235,382,243,2017,12,10,6
834,1304,610,1122,601,2017,12,11,0
331,562,323,573,241,2017,12,12,1
509,767,311,633,296,2017,12,13,2
600,970,404,728,320,2017,12,14,3
316,499,204,403,216,2017,12,15,4
246,414,88,236,216,2017,12,16,5
206,400,112,285,213,2017,12,17,6
716,1169,448,866,448,2017,12,18,0
687,1098,415,783,505,2017,12,19,1
760,1195,381,864,451,2017,12,20,2
634,1041,355,751,483,2017,12,21,3
499,923,278,633,476,2017,12,22,4
147,212,47,100,186,2017,12,23,5
83,284,97,171,82,2017,12,24,6
58,137,59,144,76,2017,12,25,0
110,222,98,183,141,2017,12,26,1
293,486,174,404,346,2017,12,27,2
387,613,230,474,343,2017,12,28,3
317,503,152,384,262,2017,12,29,4
262,421,146,301,246,2017,12,30,5
163,344,136,277,135,2017,12,31,6
139,237,78,173,70,2018,1,1,0
452,812,326,691,384,2018,1,2,1
508,907,449,837,391,2018,1,3,2
583,880,434,763,477,2018,1,4,3
508,848,327,676,431,2018,1,5,4
287,461,162,328,192,2018,1,6,5
201,338,150,320,190,2018,1,7,6
549,948,522,888,450,2018,1,8,0
696,1073,545,937,457,2018,1,9,1
677,1083,503,960,484,2018,1,10,2
612,1027,484,814,439,2018,1,11,3
534,1005,448,780,410,2018,1,12,4
270,450,129,310,258,2018,1,13,5
230,398,187,359,249,2018,1,14,6
598,957,545,905,453,2018,1,15,0
550,933,530,734,400,2018,1,16,1
410,816,456,704,379,2018,1,17,2
276,558,352,531,247,2018,1,18,3
301,608,390,547,283,2018,1,19,4
134,283,106,204,189,2018,1,20,5
108,184,106,201,124,2018,1,21,6
373,671,455,680,372,2018,1,22,0
361,773,465,621,316,2018,1,23,1
179,474,239,463,182,2018,1,24,2
327,560,194,444,266,2018,1,25,3
471,876,368,715,402,2018,1,26,4
188,378,127,292,231,2018,1,27,5
151,255,104,233,167,2018,1,28,6
494,847,476,817,390,2018,1,29,0
456,788,454,757,360,2018,1,30,1
448,805,402,741,362,2018,1,31,2
144,401,164,286,134,2018,2,1,3
414,1009,348,592,260,2018,2,2,4
123,249,77,145,105,2018,2,3,5
82,195,77,157,82,2018,2,4,6
297,708,382,583,232,2018,2,5,0
286,652,364,526,244,2018,2,6,1
218,572,399,532,242,2018,2,7,2
286,565,426,523,281,2018,2,8,3
235,544,374,472,269,2018,2,9,4
112,227,82,155,155,2018,2,10,5
87,211,87,204,105,2018,2,11,6
300,629,518,633,292,2018,2,12,0
302,614,383,536,249,2018,2,13,1
360,763,413,602,284,2018,2,14,2
303,667,422,586,252,2018,2,15,3
307,592,363,527,268,2018,2,16,4
105,255,81,143,132,2018,2,17,5
98,180,92,192,105,2018,2,18,6
208,456,355,477,186,2018,2,19,0
275,431,325,448,183,2018,2,20,1
259,455,285,424,175,2018,2,21,2
202,508,274,392,202,2018,2,22,3
207,456,219,298,156,2018,2,23,4
109,337,73,130,93,2018,2,24,5
81,196,81,149,68,2018,2,25,6
284,527,420,486,217,2018,2,26,0
234,560,266,343,178,2018,2,27,1
233,614,217,348,163,2018,2,28,2
225,626,285,387,193,2018,3,1,3
255,473,275,380,191,2018,3,2,4
99,195,67,108,90,2018,3,3,5
99,208,76,154,75,2018,3,4,6
276,552,403,586,253,2018,3,5,0
309,650,439,562,265,2018,3,6,1
358,629,405,594,280,2018,3,7,2
322,618,388,511,250,2018,3,8,3
188,512,287,374,237,2018,3,9,4
71,284,91,139,129,2018,3,10,5
92,290,119,154,90,2018,3,11,6
341,697,484,618,284,2018,3,12,0
243,558,339,507,209,2018,3,13,1
314,648,422,571,278,2018,3,14,2
344,659,367,555,238,2018,3,15,3
285,620,317,471,267,2018,3,16,4
143,256,113,186,135,2018,3,17,5
162,316,128,268,118,2018,3,18,6
384,754,497,632,337,2018,3,19,0
281,742,469,607,293,2018,3,20,1
351,721,420,585,270,2018,3,21,2
398,729,434,565,307,2018,3,22,3
307,738,405,515,320,2018,3,23,4
170,335,122,210,179,2018,3,24,5
468,826,541,721,378,2018,3,26,0
478,821,537,718,353,2018,3,27,1
420,930,544,675,388,2018,3,28,2
320,718,408,534,341,2018,3,29,3
153,386,166,295,171,2018,3,30,4
189,405,157,370,188,2018,3,31,5
142,359,201,298,151,2018,4,1,6
40,141,43,71,27,2018,4,2,0
342,756,419,586,264,2018,4,3,1
488,996,542,820,357,2018,4,4,2
616,1157,531,843,361,2018,4,5,3
577,1200,466,844,399,2018,4,6,4
569,999,454,853,419,2018,4,7,5
497,995,471,974,338,2018,4,8,6
1247,2203,1112,1760,778,2018,4,9,0
1177,2083,964,1661,669,2018,4,10,1
1396,2343,1091,1881,1059,2018,4,11,2
1400,2470,1106,1856,966,2018,4,12,3
1423,2452,989,1776,939,2018,4,13,4
1161,1888,905,1830,1042,2018,4,14,5
859,1462,746,1609,755,2018,4,15,6
954,1648,887,1520,623,2018,4,16,0
1810,2976,1405,2388,910,2018,4,17,1
1918,3218,1614,2594,1044,2018,4,18,2
2103,3429,1593,2912,1150,2018,4,19,3
1987,3218,1295,2380,1006,2018,4,20,4
1075,1909,629,1378,607,2018,4,21,5
613,1268,512,1151,369,2018,4,22,6
1919,3146,1552,2563,1023,2018,4,23,0
1734,2876,1221,2130,882,2018,4,24,1
1565,2564,1166,2079,818,2018,4,25,2
1877,3088,1485,2445,959,2018,4,26,3
1694,3061,1116,2090,948,2018,4,27,4
1134,1886,736,1604,747,2018,4,28,5
590,1038,361,852,339,2018,4,29,6
1759,2813,1186,2255,1106,2018,4,30,0
627,900,261,582,224,2018,5,1,1
1205,2400,1164,1948,846,2018,5,2,2
2078,3566,1742,2842,1117,2018,5,3,3
2206,3558,1557,2688,1149,2018,5,4,4
1643,2570,1286,2687,1005,2018,5,5,5
1596,2606,1709,3369,960,2018,5,6,6
2842,4824,2465,4177,1539,2018,5,7,0
3019,5112,2475,4438,1592,2018,5,8,1
3033,5125,2308,3952,1545,2018,5,9,2
1686,3165,1519,3633,963,2018,5,10,3
2522,4399,1731,3579,1464,2018,5,11,4
2152,3272,1420,3324,1106,2018,5,12,5
1621,2463,1813,3996,885,2018,5,13,6
3728,5896,3170,5767,1710,2018,5,14,0
4104,6169,3072,6300,1876,2018,5,15,1
4140,6518,2737,5643,1686,2018,5,16,2
4069,6078,2850,5105,1587,2018,5,17,3
2920,4710,1126,3379,1449,2018,5,18,4
2669,3671,840,3470,1385,2018,5,19,5
1937,3258,1674,3900,1057,2018,5,20,6
3838,5853,2944,5722,1827,2018,5,21,0
4002,6327,2706,5969,1814,2018,5,22,1
3965,5956,2198,5289,1674,2018,5,23,2
3975,5969,1994,5163,1755,2018,5,24,3
3773,5773,2010,4651,1665,2018,5,25,4
2669,4387,1409,3654,1191,2018,5,26,5
2114,3891,1670,3761,960,2018,5,27,6
3849,5840,2113,5776,1829,2018,5,28,0
4385,6232,1979,6480,1821,2018,5,29,1
4238,6274,1910,5858,1778,2018,5,30,2
3964,6054,2640,5164,1642,2018,5,31,3
3906,5267,2709,4599,1669,2018,6,1,4
2424,3340,1308,3267,1309,2018,6,2,5
2197,3144,1839,4459,958,2018,6,3,6
3538,5285,2977,4477,1460,2018,6,4,0
2958,4684,2610,3737,1252,2018,6,5,1
3197,4969,2913,3809,1197,2018,6,6,2
3348,4945,2556,3954,1336,2018,6,7,3
3015,4469,2356,3454,1283,2018,6,8,4
2035,3125,1280,2483,944,2018,6,9,5
1740,2851,1807,3318,849,2018,6,10,6
3685,5618,3488,5355,1537,2018,6,11,0
3285,5726,2670,4231,1240,2018,6,12,1
3862,5786,3420,4902,1593,2018,6,13,2
3812,5776,3256,4767,1568,2018,6,14,3
3372,5002,2532,3738,1300,2018,6,15,4
2573,3288,1640,3346,957,2018,6,16,5
1944,2776,1973,3736,803,2018,6,17,6
3484,5499,3151,4475,1502,2018,6,18,0
2533,3770,2076,2842,1075,2018,6,19,1
3466,5288,2955,4185,1444,2018,6,20,2
2125,3167,1519,2365,999,2018,6,21,3
519,707,314,599,275,2018,6,22,4
1052,1431,1029,1823,329,2018,6,23,5
813,1352,755,1343,492,2018,6,24,6
2165,3989,2341,3593,1159,2018,6,25,0
2664,5332,3260,4761,1460,2018,6,26,1
2747,5533,3264,5074,1416,2018,6,27,2
2893,5479,2686,5340,1472,2018,6,28,3
1499,3309,1199,2021,854,2018,6,29,4
1170,2790,826,1808,810,2018,6,30,5
1079,2608,1157,2381,699,2018,7,1,6
1283,2859,1557,2211,916,2018,7,2,0
1070,2331,1108,1761,665,2018,7,3,1
2242,4539,2377,3801,1241,2018,7,4,2
1580,3487,1843,2793,980,2018,7,5,3
1557,3305,1436,2416,932,2018,7,6,4
1492,2867,1496,3080,744,2018,7,7,5
1100,2302,1528,2441,584,2018,7,8,6
1846,4018,2280,3675,1170,2018,7,9,0
1864,4167,2307,3571,1129,2018,7,10,1
1996,4369,2355,3941,1119,2018,7,11,2
1824,4266,2386,4293,1138,2018,7,12,3
1864,4064,2019,3769,1047,2018,7,13,4
1335,3156,1452,3195,697,2018,7,14,5
1221,3431,1916,3278,659,2018,7,15,6
1987,5269,2622,4975,1018,2018,7,16,0
1727,4466,2428,4630,1096,2018,7,17,1
1805,4454,2407,4443,1122,2018,7,18,2
1697,4262,2205,4242,938,2018,7,19,3
856,2208,825,1504,520,2018,7,20,4
1070,2513,968,2390,692,2018,7,21,5
1110,2639,1610,3460,655,2018,7,22,6
1591,4179,2324,4464,1165,2018,7,23,0
1741,4442,2515,4559,1234,2018,7,24,1
1832,4722,2554,4675,1150,2018,7,25,2
1715,4855,2153,4287,1074,2018,7,26,3
1743,4196,1871,3792,1153,2018,7,27,4
1319,2984,1342,2723,993,2018,7,28,5
1000,2485,1358,2851,637,2018,7,29,6
1847,4739,2742,4723,1304,2018,7,30,0
2152,5221,3029,5094,1295,2018,7,31,1
2146,5359,3059,5163,1255,2018,8,1,2
2171,5327,2900,4847,1252,2018,8,2,3
1919,4694,2188,3889,1140,2018,8,3,4
1443,3266,1330,2529,815,2018,8,4,5
1244,2924,1593,2943,836,2018,8,5,6
2167,5601,3226,4573,1510,2018,8,6,0
2387,5893,3748,5005,1565,2018,8,7,1
2435,6307,3896,5569,1610,2018,8,8,2
2652,6957,3426,5299,1603,2018,8,9,3
2213,5989,2729,3868,1424,2018,8,10,4
1769,3745,1508,2964,1041,2018,8,11,5
1114,2578,774,1396,631,2018,8,12,6
2405,5886,3707,4817,1692,2018,8,13,0
2472,6291,3927,5175,1736,2018,8,14,1
2483,6258,3461,4643,1569,2018,8,15,2
2686,6529,3698,5065,1656,2018,8,16,3
2463,5857,3116,4592,1609,2018,8,17,4
1478,3386,1464,2454,1021,2018,8,18,5
1184,3120,1208,2327,723,2018,8,19,6
1406,3540,2570,3136,1121,2018,8,20,0
2160,5598,3238,4449,1664,2018,8,21,1
2363,5790,3332,4503,1535,2018,8,22,2
2642,6182,2842,3955,1376,2018,8,23,3
1974,5165,2793,3903,1672,2018,8,24,4
1074,2632,976,1847,1340,2018,8,25,5
722,2255,1021,1756,591,2018,8,26,6
1952,5249,3303,4137,1451,2018,8,27,0
2094,5475,3038,4123,1464,2018,8,28,1
2193,5816,3477,4697,1475,2018,8,29,2
1769,4940,2682,3777,1334,2018,8,30,3
1707,4882,2504,3433,1357,2018,8,31,4
790,2314,663,1342,641,2018,9,1,5
951,2659,1276,2284,724,2018,9,2,6
1936,5692,3439,4668,1601,2018,9,3,0
2000,5514,3075,4161,1421,2018,9,4,1
1956,5255,2923,3955,1435,2018,9,5,2
2004,5562,2868,4328,1517,2018,9,6,3
1790,4907,2510,3549,1384,2018,9,7,4
1001,3069,1214,2407,966,2018,9,8,5
715,2497,1184,2199,646,2018,9,9,6
1529,4523,2725,3536,1342,2018,9,10,0
1166,3346,1865,2668,922,2018,9,11,1
1516,4387,2415,3206,1315,2018,9,12,2
1660,4816,2596,3689,1377,2018,9,13,3
1427,4110,2016,2827,1318,2018,9,14,4
482,1410,413,805,607,2018,9,15,5
646,2097,1314,2316,745,2018,9,16,6
782,2501,1521,2065,858,2018,9,17,0
1546,4472,2552,3506,1312,2018,9,18,1
1743,4829,2814,3882,1468,2018,9,19,2
1734,4543,2534,3341,1402,2018,9,20,3
1412,4003,2030,2627,1230,2018,9,21,4
529,1466,327,791,571,2018,9,22,5
654,1930,927,1811,602,2018,9,23,6
1442,4512,2507,3223,1257,2018,9,24,0
1444,4137,2260,3164,1293,2018,9,25,1
813,2610,1278,1713,719,2018,9,26,2
1196,3761,1759,2436,1123,2018,9,27,3
1110,3576,1642,2229,1111,2018,9,28,4
563,1744,582,1102,724,2018,9,29,5
497,1421,509,951,500,2018,9,30,6
1332,4022,2281,2795,1164,2018,10,1,0
1262,3932,2182,2615,1240,2018,10,2,1
651,2017,1059,1370,651,2018,10,3,2
1177,3553,1851,2436,1124,2018,10,4,3
772,2191,1064,1353,749,2018,10,5,4
551,1737,580,1064,588,2018,10,6,5
580,1371,514,1023,534,2018,10,7,6
940,2624,1493,1788,789,2018,10,8,0
1026,2801,1433,1932,877,2018,10,9,1
1344,3705,2024,2606,1599,2018,10,10,2
1349,3895,1983,2531,1423,2018,10,11,3
1129,3152,1547,1929,1232,2018,10,12,4
685,1830,683,1131,964,2018,10,13,5
744,1772,1069,1832,877,2018,10,14,6
1318,3565,1983,2520,1006,2018,10,15,0
1268,3436,1849,2351,923,2018,10,16,1
1232,3575,1745,2194,777,2018,10,17,2
984,2753,1204,1696,699,2018,10,18,3
986,2847,1407,1849,812,2018,10,19,4
523,1740,502,867,538,2018,10,20,5
400,1290,581,986,502,2018,10,21,6
1024,2819,1462,1953,880,2018,10,22,0
796,2164,1171,1506,725,2018,10,23,1
1036,2878,1223,1739,828,2018,10,24,2
1000,2864,1360,1784,835,2018,10,25,3
778,2171,1092,1386,796,2018,10,26,4
377,967,316,513,431,2018,10,27,5
326,933,436,740,1006,2018,10,28,6
589,1542,1019,1173,924,2018,10,29,0
528,1476,768,1019,624,2018,10,30,1
852,2227,1047,1574,1029,2018,10,31,2
906,2403,1224,1728,1260,2018,11,1,3
626,1736,785,1130,924,2018,11,2,4
331,965,336,719,663,2018,11,3,5
336,892,542,976,708,2018,11,4,6
865,2191,1252,1753,1293,2018,11,5,0
881,2303,1205,1718,1047,2018,11,6,1
901,2138,1062,1570,909,2018,11,7,2
817,2035,1064,1519,1080,2018,11,8,3
709,1915,850,1299,1020,2018,11,9,4
289,778,222,451,486,2018,11,10,5
193,628,250,483,519,2018,11,11,6
623,1503,837,1248,813,2018,11,12,0
552,1451,700,1193,744,2018,11,13,1
855,2189,1005,1470,1074,2018,11,14,2
896,2184,1002,1488,909,2018,11,15,3
729,1886,812,1227,945,2018,11,16,4
378,1036,374,702,675,2018,11,17,5
303,788,410,698,579,2018,11,18,6
721,1825,935,1361,894,2018,11,19,0
734,1828,928,1409,756,2018,11,20,1
691,1743,886,1362,933,2018,11,21,2
730,1725,793,1267,858,2018,11,22,3
556,1595,577,1015,834,2018,11,23,4
265,816,244,556,555,2018,11,24,5
250,628,193,434,396,2018,11,25,6
498,1469,771,1046,669,2018,11,26,0
572,1444,690,1027,513,2018,11,27,1
516,1401,620,994,549,2018,11,28,2
477,1181,493,767,558,2018,11,29,3
312,963,362,541,603,2018,11,30,4
167,579,147,310,336,2018,12,1,5
135,472,152,287,366,2018,12,2,6
463,1257,659,907,624,2018,12,3,0
382,1054,462,791,471,2018,12,4,1
383,1282,547,834,783,2018,12,5,2
161,564,162,347,243,2018,12,6,3
300,883,347,576,435,2018,12,7,4
66,282,65,126,162,2018,12,8,5
105,352,94,269,255,2018,12,9,6
422,1268,591,883,609,2018,12,10,0
505,1440,615,921,696,2018,12,11,1
436,1431,600,931,597,2018,12,12,2
470,1375,562,848,672,2018,12,13,3
406,1203,430,713,573,2018,12,14,4
190,514,125,241,348,2018,12,15,5
115,330,154,240,318,2018,12,16,6
207,763,416,559,354,2018,12,17,0
249,905,429,655,396,2018,12,18,1
286,936,417,691,276,2018,12,19,2
323,886,405,610,327,2018,12,20,3
191,677,322,463,318,2018,12,21,4
76,198,74,113,135,2018,12,22,5
57,175,56,127,99,2018,12,23,6
20,68,34,97,90,2018,12,24,0
10,80,48,79,30,2018,12,25,1
32,163,62,107,177,2018,12,26,2
107,372,177,294,255,2018,12,27,3
133,429,171,288,258,2018,12,28,4
79,264,83,170,216,2018,12,29,5
60,290,83,149,156,2018,12,30,6
136,371,153,250,333,2018,12,31,0
50,146,54,100,138,2019,1,1,1
144,410,267,346,258,2019,1,2,2
176,490,303,466,204,2019,1,3,3
152,524,321,373,252,2019,1,4,4
87,271,95,182,189,2019,1,5,5
60,232,102,164,141,2019,1,6,6
272,797,484,696,321,2019,1,7,0
218,637,423,523,270,2019,1,8,1
196,637,447,450,261,2019,1,9,2
220,722,489,570,369,2019,1,10,3
209,664,450,551,375,2019,1,11,4
73,314,148,214,207,2019,1,12,5
52,262,113,175,150,2019,1,13,6
189,696,521,601,318,2019,1,14,0
225,725,509,592,378,2019,1,15,1
207,789,525,611,351,2019,1,16,2
109,419,241,323,199,2019,1,17,3
112,522,401,435,219,2019,1,18,4
63,242,93,142,118,2019,1,19,5
37,211,78,124,61,2019,1,20,6
158,508,411,468,171,2019,1,21,0
167,538,346,446,149,2019,1,22,1
173,635,465,464,202,2019,1,23,2
164,651,437,461,247,2019,1,24,3
166,572,400,397,196,2019,1,25,4
30,156,44,73,96,2019,1,26,5
29,140,62,71,59,2019,1,27,6
139,485,433,425,228,2019,1,28,0
106,380,277,294,121,2019,1,29,1
93,429,325,377,144,2019,1,30,2
97,527,425,431,203,2019,1,31,3
87,488,371,388,164,2019,2,1,4
15,159,74,77,74,2019,2,2,5
11,85,27,52,27,2019,2,3,6
149,504,423,401,174,2019,2,4,0
98,403,347,355,148,2019,2,5,1
107,448,352,360,140,2019,2,6,2
73,446,324,312,126,2019,2,7,3
78,433,343,309,135,2019,2,8,4
17,177,61,84,35,2019,2,9,5
22,140,57,71,32,2019,2,10,6
104,473,369,377,163,2019,2,11,0
115,593,446,483,163,2019,2,12,1
132,567,451,384,190,2019,2,13,2
133,648,391,428,191,2019,2,14,3
132,614,390,366,153,2019,2,15,4
73,284,127,136,85,2019,2,16,5
65,218,105,155,59,2019,2,17,6
192,597,394,402,138,2019,2,18,0
151,524,340,346,115,2019,2,19,1
162,580,395,374,149,2019,2,20,2
158,563,375,362,147,2019,2,21,3
114,485,284,279,139,2019,2,22,4
44,341,82,184,104,2019,2,23,5
69,301,125,139,78,2019,2,24,6
235,892,625,616,259,2019,2,25,0
304,1069,632,642,253,2019,2,26,1
350,1017,624,663,292,2019,2,27,2
291,951,545,623,278,2019,2,28,3
241,770,429,465,227,2019,3,1,4
105,388,134,229,142,2019,3,2,5
97,325,125,247,99,2019,3,3,6
311,879,571,638,265,2019,3,4,0
219,627,463,438,202,2019,3,5,1
193,700,418,482,184,2019,3,6,2
166,634,477,435,195,2019,3,7,3
172,642,371,380,215,2019,3,8,4
70,303,97,149,91,2019,3,9,5
84,278,124,143,104,2019,3,10,6
250,775,488,455,265,2019,3,11,0
237,796,546,487,217,2019,3,12,1
228,852,510,466,251,2019,3,13,2
226,729,438,423,233,2019,3,14,3
204,740,409,445,247,2019,3,15,4
90,362,121,183,114,2019,3,16,5
82,310,125,235,123,2019,3,17,6
287,969,582,707,301,2019,3,18,0
384,1034,597,732,289,2019,3,19,1
358,1023,614,770,332,2019,3,20,2
501,1228,622,889,404,2019,3,21,3
396,1172,640,849,381,2019,3,22,4
129,427,107,215,236,2019,3,23,5
195,648,375,666,222,2019,3,24,6
525,1365,898,1030,543,2019,3,25,0
568,1402,860,1071,514,2019,3,26,1
590,1451,811,1046,690,2019,3,27,2
654,1595,883,1199,686,2019,3,28,3
632,1745,969,1254,761,2019,3,29,4
313,1011,493,803,610,2019,3,30,5
884,2239,1271,1682,713,2019,4,1,0
1047,2552,1279,1715,736,2019,4,2,1
1234,2845,1414,1876,846,2019,4,3,2
1195,2999,1413,1970,829,2019,4,4,3
1201,2847,1247,1706,810,2019,4,5,4
837,2206,872,1720,640,2019,4,6,5
695,1606,1040,1873,543,2019,4,7,6
836,1983,976,1286,614,2019,4,8,0
825,1852,851,1119,545,2019,4,9,1
892,2119,1025,1287,600,2019,4,10,2
1060,2555,1094,1449,714,2019,4,11,3
1070,2609,1174,1496,793,2019,4,12,4
610,1700,543,974,626,2019,4,13,5
569,1475,768,1154,553,2019,4,14,6
1451,3437,1740,2317,916,2019,4,15,0
1646,3726,1891,2665,939,2019,4,16,1
1587,3967,1830,2544,1026,2019,4,17,2
1360,3500,1566,2246,983,2019,4,18,3
742,1824,935,1792,494,2019,4,19,4
649,1757,689,1344,592,2019,4,20,5
597,1848,980,1727,437,2019,4,21,6
687,1863,1069,1875,463,2019,4,22,0
1842,4561,2402,3355,1174,2019,4,23,1
2072,5089,2470,3684,1261,2019,4,24,2
1952,5031,2263,3143,1111,2019,4,25,3
1401,3746,1690,2237,931,2019,4,26,4
1506,3361,1558,3118,928,2019,4,27,5
791,2341,1116,1921,681,2019,4,28,6
1949,4539,2023,2965,1143,2019,4,29,0
1499,3903,1698,2400,1009,2019,4,30,1
1095,2515,977,2294,480,2019,5,1,2
912,2144,996,1568,606,2019,5,2,3
1035,2797,966,1548,718,2019,5,3,4
459,1400,431,944,405,2019,5,4,5
685,1983,1005,1688,492,2019,5,5,6
1875,4541,2294,3210,1079,2019,5,6,0
1795,4568,2162,3063,1149,2019,5,7,1
1929,4695,2070,3161,1165,2019,5,8,2
1937,4607,2156,3249,1067,2019,5,9,3
1155,2896,1234,1719,798,2019,5,10,4
535,1535,500,930,465,2019,5,11,5
627,1862,939,1782,505,2019,5,12,6
1766,4384,2182,2983,1087,2019,5,13,0
1910,4943,2349,3503,1157,2019,5,14,1
2152,5522,2554,3522,1375,2019,5,15,2
2181,5464,2372,3565,1235,2019,5,16,3
2141,5279,2187,3377,1113,2019,5,17,4
1625,3504,965,3191,1041,2019,5,18,5
1332,2865,1784,3258,822,2019,5,19,6
2267,5873,2777,3966,1381,2019,5,20,0
2487,6141,2843,4442,1431,2019,5,21,1
2685,6176,2881,4240,1372,2019,5,22,2
0,4452,1684,2529,799,2019,6,13,3
0,4406,1637,2363,954,2019,6,14,4
0,4895,1223,2708,976,2019,6,26,2
0,3650,733,2136,812,2019,6,27,3
0,4943,1111,3408,1085,2019,6,28,4
0,3390,628,1953,707,2019,6,29,5
0,3010,964,2770,658,2019,6,30,6
0,5154,1104,3813,1298,2019,7,1,0
0,3304,597,2151,747,2019,7,2,1
0,4041,696,2410,915,2019,7,3,2
0,4979,865,3011,994,2019,7,4,3
0,3280,495,1535,654,2019,7,5,4
0,1966,430,1069,538,2019,7,6,5
0,1983,722,1505,437,2019,7,7,6
0,3883,770,2233,862,2019,7,8,0
0,3840,1076,2216,756,2019,7,9,1
0,4712,1617,3336,957,2019,7,10,2
0,3832,1198,2042,759,2019,7,11,3
0,3837,1098,2157,826,2019,7,12,4
0,2848,962,2095,686,2019,7,13,5
0,2441,1076,2082,510,2019,7,14,6
0,4062,961,2553,893,2019,7,15,0
0,2633,725,1544,610,2019,7,16,1
0,4490,1676,3088,922,2019,7,17,2
0,4568,1624,3533,1010,2019,7,18,3
0,3966,1346,2810,890,2019,7,19,4
0,3098,1150,2686,786,2019,7,20,5
0,4087,1391,2641,913,2019,7,22,0
286,4735,1827,3485,1045,2019,7,23,1
1983,4962,1861,3735,1055,2019,7,24,2
1987,4633,1691,3556,1004,2019,7,25,3
1712,4370,1555,3198,1039,2019,7,26,4
1431,3385,1207,3003,842,2019,7,27,5
1090,3016,1164,2821,592,2019,7,28,6
1892,4595,1894,3167,1171,2019,7,29,0
1733,4394,1616,2655,970,2019,7,30,1
2208,5056,1990,3311,1099,2019,7,31,2
1680,5361,1821,3330,1208,2019,8,1,3
2006,4666,1630,2590,1078,2019,8,2,4
1168,3054,973,1741,781,2019,8,3,5
1020,2540,1107,1922,619,2019,8,4,6
1990,5693,2611,3767,1265,2019,8,5,0
2127,5587,2205,3440,1228,2019,8,6,1
1818,5284,1740,3094,1273,2019,8,7,2
1382,5892,2361,3569,1361,2019,8,8,3
1788,5155,1726,2761,1122,2019,8,9,4
1323,3797,1281,2955,908,2019,8,10,5
703,1834,429,879,396,2019,8,11,6
1919,5370,2507,3697,1293,2019,8,12,0
2108,6010,2851,4126,1516,2019,8,13,1
1973,5135,1900,3116,1046,2019,8,14,2
2578,6911,2443,3570,1338,2019,8,15,3
2034,5361,2177,3271,1275,2019,8,16,4
1468,3411,1238,2363,869,2019,8,17,5
1042,2699,1180,2137,641,2019,8,18,6
1283,3757,1550,2429,920,2019,8,19,0
2316,6031,2667,3991,1388,2019,8,20,1
2216,6107,2522,3907,1329,2019,8,21,2
2538,5911,2604,3810,1396,2019,8,22,3
926,2520,714,1203,513,2019,8,23,4
1491,3349,1139,2143,830,2019,8,24,5
1221,2850,1533,2561,692,2019,8,25,6
2524,5999,2802,3996,1405,2019,8,26,0
2718,6539,2900,4329,1488,2019,8,27,1
2673,6294,2795,4564,1458,2019,8,28,2
2757,6311,2659,4445,1470,2019,8,29,3
1976,4636,1466,2513,1330,2019,8,30,4
1407,3375,1083,2103,1918,2019,8,31,5
1246,2912,1384,2745,671,2019,9,1,6
2305,5362,2374,3383,1282,2019,9,2,0
2456,5732,2381,3665,1375,2019,9,3,1
2295,5260,2239,3233,1309,2019,9,4,2
1975,4743,1839,2670,1114,2019,9,5,3
1614,3829,1252,2109,947,2019,9,6,4
863,2238,595,1256,696,2019,9,7,5
640,1888,616,1287,468,2019,9,8,6
1794,4389,1758,2704,1083,2019,9,9,0
2548,5958,2776,4205,1450,2019,9,10,1
1690,4063,1664,2294,941,2019,9,11,2
1556,3707,1319,1977,902,2019,9,12,3
1426,3407,1264,1822,819,2019,9,13,4
1027,2304,662,1184,617,2019,9,14,5
335,1215,227,482,303,2019,9,15,6
1839,4288,1952,2614,1090,2019,9,16,0
2000,4533,1898,2756,1136,2019,9,17,1
1926,4438,1951,2594,1047,2019,9,18,2
1849,4200,1526,2376,1060,2019,9,19,3
1550,4015,1340,2023,988,2019,9,20,4
725,1738,437,793,546,2019,9,21,5
799,1657,741,1379,561,2019,9,22,6
1676,4022,1738,2445,1007,2019,9,23,0
1631,3793,1563,2221,940,2019,9,24,1
1410,3321,1306,1830,843,2019,9,25,2
1914,4275,1639,2517,1070,2019,9,26,3
1721,3978,1320,2074,962,2019,9,27,4
944,2127,728,1381,780,2019,9,28,5
664,1676,471,958,437,2019,9,29,6
1796,3691,1487,2269,1041,2019,9,30,0
1497,3102,1207,1862,957,2019,10,1,1
1645,3411,1469,2005,1156,2019,10,2,2
1244,2401,1045,1495,792,2019,10,3,3
1279,2531,966,1338,889,2019,10,4,4
643,1545,403,794,668,2019,10,5,5
626,1363,439,816,604,2019,10,6,6
1540,3117,1318,1866,827,2019,10,7,0
1657,3398,1372,1982,884,2019,10,8,1
1651,3155,1295,1851,894,2019,10,9,2
1719,3242,1253,1869,899,2019,10,10,3
1077,2149,786,1234,707,2019,10,11,4
615,1345,290,655,569,2019,10,12,5
580,1303,563,1008,462,2019,10,13,6
811,1750,705,1105,475,2019,10,14,0
1388,2847,1114,1756,713,2019,10,15,1
1283,2461,976,1484,650,2019,10,16,2
959,1901,680,1130,571,2019,10,17,3
995,1996,760,1206,566,2019,10,18,4
500,999,282,541,366,2019,10,19,5
498,908,358,698,295,2019,10,20,6
1413,2627,1155,1677,819,2019,10,21,0
1396,2597,1060,1680,761,2019,10,22,1
1636,3052,1346,2042,897,2019,10,23,2
1565,2897,1197,1919,1231,2019,10,24,3
1157,2216,843,1371,803,2019,10,25,4
359,721,170,389,384,2019,10,26,5
217,477,174,327,240,2019,10,27,6
1057,2146,906,1306,721,2019,10,28,0
1102,2149,845,1330,622,2019,10,29,1
1068,2218,823,1347,583,2019,10,30,2
1180,2171,823,1393,630,2019,10,31,3
881,1764,760,1087,539,2019,11,1,4
303,665,180,415,264,2019,11,2,5
330,699,299,515,295,2019,11,3,6
918,1836,865,1198,574,2019,11,4,0
905,1687,749,1175,566,2019,11,5,1
851,1582,759,1082,564,2019,11,6,2
490,1044,590,746,354,2019,11,7,3
523,1082,478,681,341,2019,11,8,4
327,711,184,428,326,2019,11,9,5
181,369,133,283,156,2019,11,10,6
837,1685,806,1208,575,2019,11,11,0
960,1725,868,1278,560,2019,11,12,1
556,1018,497,786,342,2019,11,13,2
637,1282,532,933,451,2019,11,14,3
834,1728,699,1059,532,2019,11,15,4
362,741,184,386,318,2019,11,16,5
306,634,249,454,221,2019,11,17,6
952,1755,852,1294,555,2019,11,18,0
986,1702,760,1276,563,2019,11,19,1
942,1819,763,1250,598,2019,11,20,2
934,1754,775,1202,551,2019,11,21,3
786,1483,526,878,472,2019,11,22,4
367,778,200,400,395,2019,11,23,5
294,616,217,487,286,2019,11,24,6
913,1911,1052,1526,592,2019,11,25,0
920,1673,701,1157,527,2019,11,26,1
664,1350,448,968,425,2019,11,27,2
574,1076,405,779,334,2019,11,28,3
524,951,311,705,352,2019,11,29,4
187,429,114,257,151,2019,11,30,5
153,400,112,251,99,2019,12,1,6
611,1090,526,812,357,2019,12,2,0
645,1135,464,852,358,2019,12,3,1
700,1334,560,1022,448,2019,12,4,2
661,1233,497,917,447,2019,12,5,3
183,400,72,244,114,2019,12,6,4
162,374,74,202,169,2019,12,7,5
240,440,166,425,212,2019,12,8,6
605,1207,518,887,422,2019,12,9,0
521,1021,519,806,344,2019,12,10,1
586,1158,508,800,349,2019,12,11,2
627,1120,474,894,422,2019,12,12,3
608,1070,420,770,381,2019,12,13,4
305,538,150,315,229,2019,12,14,5
191,345,110,246,165,2019,12,15,6
678,1288,614,952,527,2019,12,16,0
766,1400,564,989,524,2019,12,17,1
458,826,297,614,307,2019,12,18,2
689,1325,531,951,508,2019,12,19,3
580,1123,409,761,419,2019,12,20,4
257,582,147,310,328,2019,12,21,5
170,391,88,240,200,2019,12,22,6
355,746,214,463,425,2019,12,23,0
98,165,69,214,108,2019,12,24,1
92,182,106,200,65,2019,12,25,2
140,243,111,247,156,2019,12,26,3
221,490,148,296,134,2019,12,27,4
169,339,118,242,164,2019,12,28,5
142,400,107,201,148,2019,12,29,6
359,756,257,587,312,2019,12,30,0
355,705,277,497,287,2019,12,31,1
148,276,152,298,108,2020,1,1,2
528,1060,430,772,362,2020,1,2,3
345,801,262,502,250,2020,1,3,4
247,577,211,355,221,2020,1,4,5
188,466,204,342,185,2020,1,5,6
178,409,110,253,133,2020,1,6,0
617,1247,584,976,445,2020,1,7,1
518,1018,408,780,363,2020,1,8,2
716,1459,713,1083,493,2020,1,9,3
670,1294,545,917,412,2020,1,10,4
277,540,189,390,211,2020,1,11,5
229,467,135,318,178,2020,1,12,6
702,1428,761,1081,489,2020,1,13,0
697,1495,718,993,495,2020,1,14,1
467,931,382,788,341,2020,1,15,2
753,1510,649,1056,550,2020,1,16,3
683,1426,560,952,468,2020,1,17,4
247,526,142,290,212,2020,1,18,5
256,502,242,457,251,2020,1,19,6
747,1536,730,1089,533,2020,1,20,0
778,1628,711,1185,520,2020,1,21,1
615,1423,659,968,414,2020,1,22,2
670,1282,575,950,408,2020,1,23,3
622,1241,510,802,400,2020,1,24,4
308,591,218,415,247,2020,1,25,5
238,556,228,454,184,2020,1,26,6
538,1072,563,851,363,2020,1,27,0
557,1065,504,803,378,2020,1,28,1
552,1122,522,801,380,2020,1,29,2
515,1062,508,779,343,2020,1,30,3
612,1235,519,843,469,2020,1,31,4
217,474,106,235,221,2020,2,1,5
217,537,192,355,204,2020,2,2,6
692,1261,757,1025,454,2020,2,3,0
620,1290,660,1000,415,2020,2,4,1
671,1280,560,966,399,2020,2,5,2
570,1215,597,911,432,2020,2,6,3
493,1037,468,718,353,2020,2,7,4
195,433,125,247,227,2020,2,8,5
162,370,156,220,145,2020,2,9,6
431,798,331,623,333,2020,2,10,0
699,1302,610,1057,458,2020,2,11,1
604,1174,503,845,390,2020,2,12,2
697,1310,618,965,488,2020,2,13,3
578,1222,505,827,434,2020,2,14,4
184,434,128,222,181,2020,2,15,5
109,233,62,158,100,2020,2,16,6
456,874,379,664,339,2020,2,17,0
569,1140,527,824,371,2020,2,18,1
611,1247,551,963,349,2020,2,19,2
581,1148,567,828,364,2020,2,20,3
378,797,335,523,274,2020,2,21,4
92,248,52,117,103,2020,2,22,5
306,495,316,611,212,2020,2,23,6
758,1462,790,1140,504,2020,2,24,0
746,1445,729,1143,486,2020,2,25,1
707,1432,625,991,484,2020,2,26,2
667,1252,633,971,454,2020,2,27,3
593,1227,542,842,404,2020,2,28,4
255,489,154,273,242,2020,2,29,5
108,356,85,199,105,2020,3,1,6
613,1227,645,925,466,2020,3,2,0
680,1255,713,971,433,2020,3,3,1
416,868,460,703,297,2020,3,4,2
666,1303,649,940,486,2020,3,5,3
689,1314,721,994,454,2020,3,6,4
343,729,316,451,325,2020,3,7,5
307,682,369,686,307,2020,3,8,6
784,1556,923,1259,520,2020,3,9,0
598,1135,641,940,369,2020,3,10,1
512,951,489,806,356,2020,3,11,2
671,1295,726,1080,454,2020,3,12,3
537,1181,626,950,409,2020,3,13,4
268,718,339,640,299,2020,3,14,5
262,498,459,561,227,2020,3,15,6
414,932,437,783,346,2020,3,16,0
612,1183,597,922,407,2020,3,17,1
418,902,467,850,311,2020,3,18,2
614,1173,864,1370,456,2020,3,19,3
545,927,658,1199,354,2020,3,20,4
233,521,318,571,166,2020,3,21,5
333,541,792,1111,211,2020,3,22,6
531,1019,602,1098,314,2020,3,23,0
619,964,701,1245,347,2020,3,24,1
573,1023,680,1236,393,2020,3,25,2
728,1296,954,1714,487,2020,3,26,3
658,1210,915,1498,491,2020,3,27,4
674,1143,1696,2240,508,2020,3,28,5
499,975,1295,1784,380,2020,3,29,6
625,1391,731,1302,366,2020,3,30,0
583,1089,619,1121,377,2020,3,31,1
699,1555,1089,1712,485,2020,4,1,2
638,1130,765,1233,450,2020,4,2,3
434,868,462,811,327,2020,4,3,4
772,1294,1537,2256,567,2020,4,4,5
762,1355,1859,2686,451,2020,4,5,6
834,1646,1170,1991,616,2020,4,6,0
951,2146,1314,2302,622,2020,4,7,1
1025,2206,1441,2428,697,2020,4,8,2
957,2164,1151,2037,610,2020,4,9,3
769,1634,1828,2494,477,2020,4,10,4
859,1641,1863,2571,571,2020,4,11,5
152,376,235,393,119,2020,4,12,6
879,1547,2060,2757,565,2020,4,13,0
565,1121,644,1107,430,2020,4,14,1
619,1211,753,1425,385,2020,4,15,2
514,968,689,1190,382,2020,4,16,3
884,1975,1139,1890,601,2020,4,17,4
1032,2181,1902,2853,720,2020,4,18,5
976,1922,2122,3024,547,2020,4,19,6
1132,2472,1490,2402,755,2020,4,20,0
1475,2757,2512,4199,903,2020,4,21,1
1326,2936,1911,3147,788,2020,4,22,2
1356,2679,1942,3133,790,2020,4,23,3
1126,2645,1239,2100,741,2020,4,24,4
1107,2248,2033,2940,756,2020,4,25,5
794,1669,1575,2116,478,2020,4,26,6
1184,2371,1381,2344,733,2020,4,27,0
1227,2333,1453,2219,791,2020,4,28,1
1000,1912,989,1730,589,2020,4,29,2
1340,2353,1211,2181,820,2020,4,30,3
873,1663,1406,2136,445,2020,5,1,4
824,1753,1269,1772,553,2020,5,2,5
954,2263,2383,3363,702,2020,5,3,6
1237,2635,1458,2298,764,2020,5,4,0
1818,3113,2484,3862,1055,2020,5,5,1
1655,3194,2161,3615,895,2020,5,6,2
1573,3194,1941,3357,930,2020,5,7,3
1594,3106,1707,2943,988,2020,5,8,4
1557,2830,2391,3834,1001,2020,5,9,5
923,2641,2168,3399,609,2020,5,10,6
682,1544,616,1242,396,2020,5,11,0
1430,2599,1610,2653,745,2020,5,12,1
1191,2181,1314,2226,732,2020,5,13,2
1699,3100,1850,2966,1055,2020,5,14,3
1433,2498,1426,2258,913,2020,5,15,4
568,1063,590,1014,404,2020,5,16,5
893,1551,1331,2108,447,2020,5,17,6
1607,3441,1982,3153,998,2020,5,18,0
1716,3297,1778,2689,1011,2020,5,19,1
1839,3603,1890,2989,1033,2020,5,20,2
1334,2531,2137,3427,692,2020,5,21,3
1737,3323,2237,3676,1229,2020,5,22,4
1618,2699,2484,4011,1046,2020,5,23,5
1023,2313,1593,2519,596,2020,5,24,6
2017,3787,2277,3536,1248,2020,5,25,0
2562,4522,3132,5398,1472,2020,5,26,1
2510,3990,2856,4632,1366,2020,5,27,2
1921,3504,1912,3089,1144,2020,5,28,3
2418,3846,2331,3895,1576,2020,5,29,4
1982,3257,2410,4255,1189,2020,5,30,5
1552,2649,2752,4513,962,2020,5,31,6
2434,4236,2307,3613,1209,2020,6,1,0
2702,4687,2659,4578,1384,2020,6,2,1
3066,5158,2712,4471,1368,2020,6,3,2
2151,3664,1732,2806,973,2020,6,4,3
1752,3062,1342,2261,862,2020,6,5,4
1304,2537,1052,1859,794,2020,6,6,5
1650,2789,2455,3722,899,2020,6,7,6
1724,3190,1563,2428,865,2020,6,8,0
2482,4337,2514,3872,1296,2020,6,9,1
3238,4957,3222,5406,1470,2020,6,10,2
3129,4973,2841,5279,1510,2020,6,11,3
3139,4846,2392,4418,1471,2020,6,12,4
2360,3643,2412,4415,1232,2020,6,13,5
1820,2829,2596,4633,898,2020,6,14,6
2936,4758,2693,4838,1408,2020,6,15,0
2859,4651,2350,4080,1295,2020,6,16,1
3177,4839,2486,4456,1441,2020,6,17,2
1710,2913,1260,2456,913,2020,6,18,3
1262,1998,1306,2944,524,2020,6,19,4
1147,1565,1333,2538,440,2020,6,20,5
1023,1842,1381,2570,566,2020,6,21,6
2462,4110,2242,4104,1368,2020,6,22,0
2944,4934,2776,4770,1436,2020,6,23,1
3127,5140,2909,5070,1393,2020,6,24,2
3145,5109,2679,4317,1392,2020,6,25,3
2869,4785,2141,3895,1275,2020,6,26,4
2487,3923,2232,4255,974,2020,6,27,5
1906,2926,2246,4513,840,2020,6,28,6
2058,3540,1726,3613,1067,2020,6,29,0
769,1324,743,4578,459,2020,6,30,1
1799,2986,1320,4471,976,2020,7,1,2
2296,3804,1623,2806,1065,2020,7,2,3
2523,4328,1853,3049,1234,2020,7,3,4
960,1622,616,1116,505,2020,7,4,5
955,1711,1067,1695,571,2020,7,5,6
1921,3334,1499,2624,971,2020,7,6,0
1738,3076,1464,2353,981,2020,7,7,1
2005,3433,1615,2553,991,2020,7,8,2
2043,3302,1565,2512,1077,2020,7,9,3
2265,3738,1935,2964,1211,2020,7,10,4
649,1165,358,606,344,2020,7,11,5
1502,2628,2087,3008,787,2020,7,12,6
1563,2840,1267,2038,918,2020,7,13,0
2147,3723,1782,3057,1152,2020,7,14,1
2400,4000,2049,3417,1112,2020,7,15,2
2250,3896,1925,3324,1076,2020,7,16,3
2336,3768,1768,3098,1075,2020,7,17,4
2037,2974,1614,3020,807,2020,7,18,5
1521,2429,1633,2851,668,2020,7,19,6
1918,3298,1704,2893,1004,2020,7,20,0
2119,3467,1535,3207,973,2020,7,21,1
1948,3374,1594,2482,949,2020,7,22,2
1584,2771,1186,2002,901,2020,7,23,3
1143,2031,723,1283,627,2020,7,24,4
1401,2189,1006,1859,741,2020,7,25,5
1701,2465,1941,3276,688,2020,7,26,6
2243,3850,1914,3474,1098,2020,7,27,0
1407,2388,1001,1788,734,2020,7,28,1
1506,2428,1279,2131,826,2020,7,29,2
2150,3437,1647,2757,1041,2020,7,30,3
2202,3619,1731,2959,1056,2020,7,31,4
2081,2923,1538,2696,897,2020,8,1,5
1365,2099,1416,1929,646,2020,8,2,6
1984,3071,1605,2799,911,2020,8,3,0
2432,4136,1813,2963,1024,2020,8,4,1
3048,4723,2345,3962,1332,2020,8,5,2
2682,4477,1942,3203,1154,2020,8,6,3
2819,4268,1996,3315,1226,2020,8,7,4
2323,3318,1997,3702,1071,2020,8,8,5
1925,2826,2121,3716,905,2020,8,9,6
3004,5037,2626,4282,1445,2020,8,10,0
3164,4995,2549,4012,1491,2020,8,11,1
2952,4841,2364,3657,1359,2020,8,12,2
2932,4680,2199,3601,1344,2020,8,13,3
2937,4726,2136,3505,1380,2020,8,14,4
2600,3526,1868,3476,1145,2020,8,15,5
2149,2996,2331,4199,999,2020,8,16,6
3275,5280,2690,4606,1588,2020,8,17,0
3528,5458,2878,4569,1591,2020,8,18,1
3632,5589,2920,4927,1528,2020,8,19,2
3771,5673,2845,4715,1488,2020,8,20,3
3397,5194,2410,4335,1537,2020,8,21,4
957,1649,478,799,446,2020,8,22,5
1779,2634,1976,3171,856,2020,8,23,6
2474,3879,1700,2741,1104,2020,8,24,0
2852,4573,2215,3495,1359,2020,8,25,1
3260,5155,2458,3819,1394,2020,8,26,2
3233,5084,2392,3874,1468,2020,8,27,3
3011,4575,1911,3008,1376,2020,8,28,4
1943,2777,1261,2119,1052,2020,8,29,5
918,1461,704,1163,417,2020,8,30,6
2254,3684,1637,2559,1007,2020,8,31,0
3178,5103,2589,4102,1415,2020,9,1,1
3063,5091,2206,3456,1327,2020,9,2,2
2576,3938,1522,2550,1048,2020,9,3,3
2297,3555,1349,2314,1066,2020,9,4,4
1241,1859,693,1242,601,2020,9,5,5
1051,1697,1000,1677,591,2020,9,6,6
2548,3905,1971,3263,1191,2020,9,7,0
1748,2946,1196,2055,812,2020,9,8,1
2072,3400,1480,2437,978,2020,9,9,2
2461,4048,1703,2769,1098,2020,9,10,3
2383,4061,1774,2878,1254,2020,9,11,4
721,1278,347,715,407,2020,9,12,5
1234,2058,1485,2411,639,2020,9,13,6
2667,4332,2186,3467,1279,2020,9,14,0
2842,4569,2243,3661,1256,2020,9,15,1
2334,3617,1472,2612,986,2020,9,16,2
1238,2038,625,1174,572,2020,9,17,3
2250,3721,1667,2573,1212,2020,9,18,4
1499,2523,1227,1972,870,2020,9,19,5
1214,2053,1296,2008,746,2020,9,20,6
2479,3975,1836,2905,1173,2020,9,21,0
2579,4184,1960,3224,1275,2020,9,22,1
2713,4542,2213,3372,1263,2020,9,23,2
2882,4713,2086,3499,1245,2020,9,24,3
2364,3635,1467,2453,1168,2020,9,25,4
1766,2618,1484,2284,904,2020,9,26,5
1546,2178,1776,2725,828,2020,9,27,6
2608,3961,2054,3279,1228,2020,9,28,0
2434,3794,1758,2854,1162,2020,9,29,1
2606,4037,1804,3229,1364,2020,9,30,2
2725,3906,1878,3022,1321,2020,10,1,3
2362,3945,1775,2579,1441,2020,10,2,4
1570,2179,815,1878,889,2020,10,3,5
633,997,424,811,400,2020,10,4,6
2597,3783,1924,3267,1197,2020,10,5,0
2168,3206,1358,2269,948,2020,10,6,1
2600,3815,1860,3063,1175,2020,10,7,2
2182,3126,1263,2269,985,2020,10,8,3
1769,2501,1035,1854,862,2020,10,9,4
1538,2193,1249,2014,859,2020,10,10,5
886,1327,809,1352,545,2020,10,11,6
1783,2951,1241,2212,889,2020,10,12,0
1998,3067,1345,2441,954,2020,10,13,1
1904,2981,1386,2305,956,2020,10,14,2
1701,2818,1175,2090,789,2020,10,15,3
1478,2538,1010,1777,737,2020,10,16,4
937,1573,817,1279,560,2020,10,17,5
751,1170,726,1212,402,2020,10,18,6
1546,2331,1014,1811,775,2020,10,19,0
1690,2705,1115,2094,779,2020,10,20,1
1274,2056,716,1442,659,2020,10,21,2
1007,1563,518,1187,504,2020,10,22,3
1536,2451,869,1708,775,2020,10,23,4
1058,1633,784,1280,564,2020,10,24,5
797,1251,811,1127,366,2020,10,25,6
1538,2525,1019,2007,697,2020,10,26,0
1331,1989,800,1715,668,2020,10,27,1
1712,2710,1142,2205,819,2020,10,28,2
1867,2717,1115,2232,875,2020,10,29,3
1559,2610,1044,1856,844,2020,10,30,4
801,1369,658,1490,409,2020,10,31,5
691,1093,737,1304,380,2020,11,1,6
1129,1910,792,1509,661,2020,11,2,0
1485,2390,1008,2058,826,2020,11,3,1
1355,2133,918,1721,649,2020,11,4,2
1555,2256,971,1855,787,2020,11,5,3
1473,2294,1032,1931,885,2020,11,6,4
961,1527,853,1485,590,2020,11,7,5
599,1022,727,1293,338,2020,11,8,6
1416,2275,1001,1901,744,2020,11,9,0
1507,2286,941,1968,693,2020,11,10,1
1270,1871,739,1626,631,2020,11,11,2
1508,2246,899,1955,723,2020,11,12,3
1315,2169,788,1577,812,2020,11,13,4
805,1271,560,1004,514,2020,11,14,5
649,1060,578,1059,401,2020,11,15,6
1298,1950,817,1588,612,2020,11,16,0
967,1519,569,1242,570,2020,11,17,1
1303,2149,775,1793,708,2020,11,18,2
684,1264,374,880,341,2020,11,19,3
757,1216,483,900,427,2020,11,20,4
418,715,250,486,271,2020,11,21,5
546,914,627,987,369,2020,11,22,6
1097,1809,774,1573,656,2020,11,23,0
1139,1813,780,1612,633,2020,11,24,1
934,1466,553,1168,521,2020,11,25,2
998,1509,556,1343,541,2020,11,26,3
983,1639,582,1181,593,2020,11,27,4
601,920,412,859,398,2020,11,28,5
322,585,229,444,186,2020,11,29,6
643,947,375,932,339,2020,11,30,0
770,1146,439,1199,420,2020,12,1,1
1029,1354,648,1234,575,2020,12,2,2
868,1366,511,1122,474,2020,12,3,3
655,959,382,789,380,2020,12,4,4
474,722,333,675,364,2020,12,5,5
374,561,347,784,274,2020,12,6,6
857,1329,608,1247,506,2020,12,7,0
945,1425,602,1276,547,2020,12,8,1
890,1378,456,1150,486,2020,12,9,2
864,1349,490,1101,485,2020,12,10,3
751,1149,425,907,437,2020,12,11,4
385,734,323,669,341,2020,12,12,5
336,560,324,621,232,2020,12,13,6
793,1266,384,1152,463,2020,12,14,0
813,1217,458,1099,454,2020,12,15,1
636,982,344,898,408,2020,12,16,2
889,1399,505,1173,551,2020,12,17,3
603,843,250,720,305,2020,12,18,4
475,773,292,619,318,2020,12,19,5
279,500,285,482,229,2020,12,20,6
660,1156,388,819,494,2020,12,21,0
707,1228,361,918,545,2020,12,22,1
450,725,197,524,356,2020,12,23,2
204,335,175,491,167,2020,12,24,3
109,213,183,321,104,2020,12,25,4
172,326,205,421,168,2020,12,26,5
173,305,146,301,186,2020,12,27,6
401,697,294,571,328,2020,12,28,0
337,523,177,474,221,2020,12,29,1
323,582,172,468,264,2020,12,30,2
379,568,209,514,274,2020,12,31,3
248,366,306,469,174,2021,1,1,4
230,445,218,404,202,2021,1,2,5
90,174,127,185,81,2021,1,3,6
234,558,257,526,196,2021,1,4,0
297,622,263,570,241,2021,1,5,1
139,297,185,301,138,2021,1,6,2
351,635,354,596,257,2021,1,7,3
363,705,317,615,273,2021,1,8,4
177,317,166,282,166,2021,1,9,5
90,270,157,223,107,2021,1,10,6
260,557,273,530,240,2021,1,11,0
84,212,179,276,136,2021,1,12,1
60,182,142,246,88,2021,1,13,2
151,309,200,343,105,2021,1,14,3
124,241,124,228,86,2021,1,15,4
79,209,59,154,73,2021,1,16,5
55,199,84,145,74,2021,1,17,6
245,509,259,560,182,2021,1,18,0
183,425,296,459,184,2021,1,19,1
166,466,253,453,178,2021,1,20,2
88,275,188,285,111,2021,1,21,3
140,434,183,261,146,2021,1,22,4
98,274,84,164,98,2021,1,23,5
69,226,125,225,93,2021,1,24,6
197,471,266,455,171,2021,1,25,0
237,577,267,549,195,2021,1,26,1
269,542,293,495,192,2021,1,27,2
223,512,298,521,196,2021,1,28,3
215,498,280,493,185,2021,1,29,4
72,173,93,142,71,2021,1,30,5
50,151,72,105,42,2021,1,31,6
172,454,295,526,159,2021,2,1,0
223,507,312,527,199,2021,2,2,1
0,436,288,484,168,2021,2,9,1
0,474,249,463,165,2021,2,10,2
0,346,206,401,144,2021,2,11,3
0,356,201,363,119,2021,2,12,4
0,242,148,225,99,2021,2,13,5
0,179,131,216,77,2021,2,14,6
0,423,340,473,225,2021,2,15,0
0,523,419,587,202,2021,2,16,1
0,451,236,450,148,2021,2,17,2
0,361,204,377,157,2021,2,18,3
0,474,280,409,180,2021,2,19,4
0,130,72,157,59,2021,2,21,6
0,298,177,271,113,2021,2,22,0
0,251,115,230,77,2021,2,23,1
0,323,193,270,101,2021,2,24,2
0,416,220,382,138,2021,2,26,4
0,356,267,362,116,2021,2,27,5
0,374,287,493,131,2021,2,28,6
0,546,398,607,218,2021,3,16,1
0,535,378,589,196,2021,3,17,2
0,568,382,634,203,2021,3,18,3
0,610,395,556,210,2021,3,19,4
0,299,144,197,107,2021,3,20,5
0,354,244,349,104,2021,3,21,6
0,703,510,796,304,2021,3,22,0
0,815,615,896,281,2021,3,23,1
0,786,444,690,324,2021,3,24,2
0,1011,712,965,426,2021,3,25,3
0,1024,684,905,379,2021,3,26,4
0,952,1005,1307,416,2021,3,27,5
0,793,443,726,310,2021,3,29,0
0,1246,867,1340,426,2021,3,30,1
969,1711,1108,1843,581,2021,4,1,3
517,764,881,1381,311,2021,4,2,4
726,1026,1184,1764,432,2021,4,3,5
646,908,1244,1637,431,2021,4,4,6
176,455,193,333,164,2021,4,5,0
779,1349,693,1208,483,2021,4,6,1
1046,1462,1026,1649,512,2021,4,7,2
1295,2028,1329,2259,736,2021,4,8,3
496,784,370,640,295,2021,4,9,4
465,784,529,798,304,2021,4,10,5
1017,1644,2164,3126,608,2021,4,11,6
1362,2109,1388,2217,716,2021,4,12,0
1420,2140,1440,2337,745,2021,4,13,1
1596,2333,1593,2600,936,2021,4,14,2
1683,2433,1703,2840,904,2021,4,15,3
1629,2479,1747,2878,891,2021,4,16,4
1514,2129,2295,3697,935,2021,4,17,5
1430,1985,2510,3896,752,2021,4,18,6
1876,2700,1953,3177,1091,2021,4,19,0
1862,2816,2057,2993,1059,2021,4,20,1
1977,2974,2039,3184,1027,2021,4,21,2
1752,2670,1769,2734,1025,2021,4,22,3
803,1289,579,981,462,2021,4,23,4
510,771,446,694,368,2021,4,24,5
648,990,852,1315,475,2021,4,25,6
1132,1727,1044,1607,681,2021,4,26,0
1492,2135,1329,2148,772,2021,4,27,1
1671,2483,1546,2433,872,2021,4,28,2
1830,2673,1460,2377,997,2021,4,29,3
1848,2508,1318,2218,1083,2021,4,30,4
1127,1508,1066,1794,598,2021,5,1,5
1186,1577,1836,2518,729,2021,5,2,6
1811,2512,1520,2349,973,2021,5,3,0
1910,2757,1770,2730,1052,2021,5,4,1
1092,1503,781,1239,582,2021,5,5,2
1624,2177,1043,1869,879,2021,5,6,3
1510,2252,1123,1850,854,2021,5,7,4
1224,1677,1119,1897,763,2021,5,8,5
1024,1402,1496,2188,627,2021,5,9,6
1776,2452,1609,2480,986,2021,5,10,0
2729,3961,2700,4431,1364,2021,5,11,1
2899,3685,2564,4104,1375,2021,5,12,2
2136,2672,2522,4256,1047,2021,5,13,3
2030,2928,1659,2611,1101,2021,5,14,4
1458,2091,1276,2027,678,2021,5,15,5
1549,2081,2293,3361,1002,2021,5,16,6
1471,2115,1201,1854,802,2021,5,17,0
1829,2693,1455,2410,1004,2021,5,18,1
1414,2034,1048,1802,817,2021,5,19,2
1882,2800,1450,2333,950,2021,5,20,3
1420,2065,911,1671,779,2021,5,21,4
1935,2605,1793,2907,1111,2021,5,22,5
1226,1843,1646,2318,720,2021,5,23,6
2445,3397,2346,3315,1283,2021,5,24,0
2545,3749,2455,3628,1232,2021,5,25,1
765,1016,488,867,388,2021,5,26,2
2061,2769,1533,2528,1022,2021,5,27,3
2400,3333,1892,3020,1369,2021,5,28,4
1987,2646,1926,2898,1073,2021,5,29,5
1538,2205,2175,3333,858,2021,5,30,6
2051,2951,1625,2516,1133,2021,5,31,0
2766,4109,2585,4085,1360,2021,6,1,1
2988,4379,2792,4421,1406,2021,6,2,2
2947,4434,2508,4003,1379,2021,6,3,3
2884,4349,2199,4066,1454,2021,6,4,4
2137,2968,1906,3465,1301,2021,6,5,5
1497,2047,1778,2705,810,2021,6,6,6
2626,3406,2109,3477,3208,2021,6,7,0
3093,4241,2820,4486,3742,2021,6,8,1
3194,4838,2658,4721,3471,2021,6,9,2
3208,4492,2643,4605,3590,2021,6,10,3
3052,4303,2253,4229,3412,2021,6,11,4
1777,2736,1283,1973,2427,2021,6,12,5
1345,1864,1199,1992,2223,2021,6,13,6
2809,3966,2201,3513,4018,2021,6,14,0
2873,4184,2091,3530,4425,2021,6,15,1
3104,4760,2336,3582,3449,2021,6,16,2
3189,4472,2378,3956,3344,2021,6,17,3
3328,4420,2070,3783,3234,2021,6,18,4
2497,3348,1967,3738,2432,2021,6,19,5
1954,2659,1978,3784,2031,2021,6,20,6
2958,4160,2343,4343,3150,2021,6,21,0
3209,4413,2309,4470,2970,2021,6,22,1
2600,3356,1750,2701,2537,2021,6,23,2
2305,3229,1594,2544,2701,2021,6,24,3
1256,1658,1008,2020,1262,2021,6,25,4
1222,1514,1177,2154,1024,2021,6,26,5
1009,1581,1137,2073,1433,2021,6,27,6
2401,3449,1979,3550,3104,2021,6,28,0
2930,3933,2246,3985,3113,2021,6,29,1
2700,3755,1856,2923,2540,2021,6,30,2
2856,3967,2159,3529,3049,2021,7,1,3
2706,3830,1776,3109,3075,2021,7,2,4
2280,3138,1714,3328,2315,2021,7,3,5
1979,2594,1834,3400,1780,2021,7,4,6
2496,3651,2050,3614,2809,2021,7,5,0
2663,3657,1883,3145,2656,2021,7,6,1
2676,3708,2068,3569,2851,2021,7,7,2
2039,2924,1323,2465,2248,2021,7,8,3
2419,3175,1611,2688,2613,2021,7,9,4
2231,2763,1498,3001,1922,2021,7,10,5
1632,2455,1524,2816,1722,2021,7,11,6
2290,3471,1756,3216,2706,2021,7,12,0
2547,3783,2092,3643,2534,2021,7,13,1
2517,3648,1861,3400,2334,2021,7,14,2
2549,3338,1603,3114,2260,2021,7,15,3
2225,3234,1462,2631,2383,2021,7,16,4
1865,2744,1516,2592,2062,2021,7,17,5
1579,2038,1340,2099,1602,2021,7,18,6
1993,3100,1638,2481,2589,2021,7,19,0
1732,2667,1273,1925,2243,2021,7,20,1
2197,3395,1615,2459,2509,2021,7,21,2
2227,3079,1593,2413,2476,2021,7,22,3
2251,2979,1322,2177,2333,2021,7,23,4
1974,2603,1324,2096,1973,2021,7,24,5
1675,2319,1631,2470,1923,2021,7,25,6
2335,3255,1798,3259,2644,2021,7,26,0
2571,3546,1979,3634,2508,2021,7,27,1
1254,1780,807,1369,1911,2021,7,28,2
2246,3149,1430,2498,2445,2021,7,29,3
1029,1556,485,914,1634,2021,7,30,4
1852,2373,1471,2341,2254,2021,7,31,5
1332,1896,1135,1888,1594,2021,8,1,6
2380,3395,1727,2738,2830,2021,8,2,0
2304,3648,1599,2576,2718,2021,8,3,1
2541,3677,1845,2758,2749,2021,8,4,2
2878,3753,1901,3170,2947,2021,8,5,3
3047,4030,1707,3851,2884,2021,8,6,4
654,961,303,565,1218,2021,8,7,5
1356,1986,1318,2119,2004,2021,8,8,6
2371,3520,1763,2575,2802,2021,8,9,0
2758,4032,2087,3354,3239,2021,8,10,1
2956,4240,2163,3297,3135,2021,8,11,2
2742,4142,1768,2871,2643,2021,8,12,3
3033,3881,2035,3112,3134,2021,8,13,4
1564,2074,973,1630,2103,2021,8,14,5
1039,1528,792,1193,1572,2021,8,15,6
2632,3859,2065,3058,3139,2021,8,16,0
1616,2394,1032,1780,2191,2021,8,17,1
1716,2249,1033,1604,2347,2021,8,18,2
1680,2353,970,1643,2343,2021,8,19,3
2447,3663,1672,2693,3176,2021,8,20,4
1230,1654,750,1340,1989,2021,8,21,5
1136,1712,1258,1818,1814,2021,8,22,6
2405,3489,1810,2641,2935,2021,8,23,0
2504,3753,1913,3017,2942,2021,8,24,1
746,949,403,746,1346,2021,8,25,2
1221,1762,677,1175,1969,2021,8,26,3
1690,2455,1031,1605,2378,2021,8,27,4
1563,2113,1175,1573,2740,2021,8,28,5
1276,1931,1359,1943,1845,2021,8,29,6
2584,3655,2163,3171,3223,2021,8,30,0
2728,3931,2254,3343,3099,2021,8,31,1
2474,3665,1841,2747,2855,2021,9,1,2
2151,3242,1588,2367,2745,2021,9,2,3
1778,2733,1121,1706,2611,2021,9,3,4
1324,1965,926,1494,2193,2021,9,4,5
1029,1500,882,1393,1612,2021,9,5,6
2073,3165,1612,2375,2819,2021,9,6,0
2211,3387,1719,2603,2789,2021,9,7,1
2215,3237,1615,2390,2709,2021,9,8,2
2379,3583,1794,2636,3062,2021,9,9,3
2135,3331,1502,2271,2866,2021,9,10,4
1312,1858,942,1429,2099,2021,9,11,5
445,780,336,538,1124,2021,9,12,6
1649,2676,1348,2077,2740,2021,9,13,0
2105,3122,1675,2436,2759,2021,9,14,1
2116,2986,1581,2337,2719,2021,9,15,2
2916,4527,1715,2454,2649,2021,9,16,3
2496,4247,1380,1824,2526,2021,9,17,4
1052,1784,662,1084,2344,2021,9,18,5
841,1390,750,1157,1620,2021,9,19,6
1884,2884,1356,1872,2657,2021,9,20,0
1967,3047,1493,2228,2512,2021,9,21,1
2120,3127,1501,2403,2861,2021,9,22,2
1887,2680,1160,1929,2461,2021,9,23,3
1123,1745,541,1016,1980,2021,9,24,4
1017,1616,627,1049,2144,2021,9,25,5
1094,1611,1388,2051,1869,2021,9,26,6
2106,2992,1692,2585,2638,2021,9,27,0
2065,3137,1456,2363,2580,2021,9,28,1
2070,3236,1378,2203,2987,2021,9,29,2
1939,3025,1282,2074,2693,2021,9,30,3
1417,2300,850,1394,2584,2021,10,1,4
1173,1893,494,1436,2418,2021,10,2,5
1066,1652,1098,1564,1955,2021,10,3,6
2110,2990,1269,2274,2578,2021,10,4,0
1263,2027,630,1379,1935,2021,10,5,1
2194,3120,1224,2250,2790,2021,10,6,2
1817,2674,1016,1749,2323,2021,10,7,3
1756,2753,984,1753,2619,2021,10,8,4
949,1638,549,1017,1961,2021,10,9,5
807,1000,499,1011,1499,2021,10,10,6
1722,2465,1037,1928,2472,2021,10,11,0
1328,2007,792,1481,2231,2021,10,12,1
1655,2468,1031,1787,2594,2021,10,13,2
1850,2764,1125,1911,2546,2021,10,14,3
1126,1626,468,956,1954,2021,10,15,4
915,1392,613,1072,2156,2021,10,16,5
683,1056,665,1067,1564,2021,10,17,6
1432,2245,923,1556,2176,2021,10,18,0
1518,2408,951,1692,2263,2021,10,19,1
607,854,268,666,1262,2021,10,20,2
1144,1865,732,1266,2204,2021,10,21,3
694,984,268,599,1547,2021,10,22,4
605,904,318,606,1723,2021,10,23,5
566,820,404,704,1402,2021,10,24,6
1376,2218,833,1644,2330,2021,10,25,0
1641,2468,960,1897,2488,2021,10,26,1
1297,2052,741,1474,2156,2021,10,27,2
1376,2197,806,1489,2181,2021,10,28,3
1394,2280,820,1523,2425,2021,10,29,4
822,1322,569,932,2124,2021,10,30,5
692,1200,582,1064,1662,2021,10,31,6
1506,2294,1154,1916,2541,2021,11,1,0
1628,2549,1207,2028,2511,2021,11,2,1
1165,1650,634,1212,1978,2021,11,3,2
1436,2067,835,1483,2420,2021,11,4,3
754,1081,318,733,1720,2021,11,5,4
640,1006,437,1030,1863,2021,11,6,5
363,595,264,514,1174,2021,11,7,6
1114,1900,783,1442,2256,2021,11,8,0
959,1589,613,1206,2031,2021,11,9,1
901,1495,504,1084,1927,2021,11,10,2
1176,2086,831,1449,2366,2021,11,11,3
1028,1761,697,1181,2487,2021,11,12,4
559,921,352,678,2136,2021,11,13,5
531,809,406,839,1523,2021,11,14,6
1045,1661,687,1243,2219,2021,11,15,0
1181,1900,711,1411,2419,2021,11,16,1
936,1584,551,1170,2128,2021,11,17,2
898,1334,466,971,2031,2021,11,18,3
865,1407,445,964,2185,2021,11,19,4
560,867,328,591,2399,2021,11,20,5
422,670,278,557,1507,2021,11,21,6
930,1481,575,1066,2237,2021,11,22,0
772,1351,459,938,2088,2021,11,23,1
894,1442,505,1008,2092,2021,11,24,2
809,1291,421,854,1854,2021,11,25,3
668,1124,345,671,1943,2021,11,26,4
361,558,157,346,1716,2021,11,27,5
259,413,139,288,1351,2021,11,28,6
538,938,403,694,1798,2021,11,29,0
472,877,368,698,1951,2021,11,30,1
445,801,351,610,1961,2021,12,1,2
474,844,332,624,1844,2021,12,2,3
367,721,222,490,1753,2021,12,3,4
203,365,75,191,1557,2021,12,4,5
113,232,44,139,1075,2021,12,5,6
123,181,76,147,993,2021,12,6,0
342,602,232,513,1625,2021,12,7,1
311,560,222,459,1664,2021,12,8,2
435,749,293,565,1702,2021,12,9,3
335,640,265,459,1832,2021,12,10,4
165,308,94,177,1510,2021,12,11,5
128,287,80,165,1167,2021,12,12,6
387,719,279,501,1739,2021,12,13,0
400,629,182,518,1479,2021,12,14,1
523,869,287,649,1719,2021,12,15,2
605,1057,367,758,2003,2021,12,16,3
575,1001,307,722,2090,2021,12,17,4
377,534,159,369,1592,2021,12,18,5
223,379,179,312,1435,2021,12,19,6
408,725,287,519,1736,2021,12,20,0
338,618,236,457,1657,2021,12,21,1
330,547,155,402,1732,2021,12,22,2
239,453,124,275,1545,2021,12,23,3
41,77,46,101,645,2021,12,24,4
34,77,25,81,547,2021,12,25,5
46,112,34,101,735,2021,12,26,6
132,247,96,200,1196,2021,12,27,0
141,356,126,293,1329,2021,12,28,1
136,351,155,279,1196,2021,12,29,2
135,313,135,244,1351,2021,12,30,3
94,286,102,204,1355,2021,12,31,4
67,136,95,121,823,2022,1,1,5
50,169,70,133,948,2022,1,2,6
156,417,173,347,1320,2022,1,3,0
168,385,196,312,1379,2022,1,4,1
143,410,162,308,1326,2022,1,5,2
71,219,95,166,778,2022,1,6,3
139,339,138,265,1303,2022,1,7,4
56,180,86,156,1217,2022,1,8,5
65,208,81,138,970,2022,1,9,6
176,445,266,375,1423,2022,1,10,0
177,389,239,399,1391,2022,1,11,1
209,462,259,447,1546,2022,1,12,2
203,539,273,466,1670,2022,1,13,3
208,478,243,354,1494,2022,1,14,4
130,258,105,257,1475,2022,1,15,5
87,168,85,167,1072,2022,1,16,6
153,404,221,362,1274,2022,1,17,0
216,506,298,454,1589,2022,1,18,1
205,489,315,447,1489,2022,1,19,2
159,346,203,360,1182,2022,1,20,3
166,385,242,324,1452,2022,1,21,4
95,252,111,211,1489,2022,1,22,5
54,176,72,117,1241,2022,1,23,6
174,460,244,355,1318,2022,1,24,0
220,522,286,458,1504,2022,1,25,1
167,477,238,375,1317,2022,1,26,2
174,446,257,401,1411,2022,1,27,3
172,495,224,324,1498,2022,1,28,4
74,209,79,96,1201,2022,1,29,5
30,120,31,47,926,2022,1,30,6
104,399,180,247,1482,2022,1,31,0
179,450,222,245,1616,2022,2,1,1
199,468,288,372,1604,2022,2,2,2
170,524,277,398,1517,2022,2,3,3
195,468,235,333,1554,2022,2,4,4
19,84,16,42,1308,2022,2,5,5
34,120,45,62,984,2022,2,6,6
94,427,200,290,1644,2022,2,7,0
153,497,248,313,1475,2022,2,8,1
156,562,267,326,1593,2022,2,9,2
175,505,275,331,1692,2022,2,10,3
151,491,267,293,1598,2022,2,11,4
68,265,89,152,1369,2022,2,12,5
48,185,44,69,899,2022,2,13,6
146,440,192,231,1310,2022,2,14,0
148,509,180,252,1349,2022,2,15,1
134,583,176,267,1463,2022,2,16,2
130,398,144,228,1118,2022,2,17,3
157,455,143,194,1575,2022,2,18,4
74,214,57,99,1246,2022,2,19,5
104,233,63,120,1005,2022,2,20,6
90,307,104,150,836,2022,2,21,0
65,248,41,143,40,2022,2,22,1
93,340,132,256,911,2022,2,23,2
111,345,152,223,1257,2022,2,24,3
53,281,92,156,1167,2022,2,25,4
41,221,56,115,1100,2022,2,26,5
48,176,61,75,977,2022,2,27,6
156,537,266,290,1575,2022,2,28,0
208,635,324,370,1581,2022,3,1,1
181,615,302,361,1520,2022,3,2,2
199,594,314,404,1574,2022,3,3,3
210,598,263,313,1452,2022,3,4,4
120,362,96,157,1432,2022,3,5,5
107,273,89,170,1004,2022,3,6,6
244,650,360,409,1376,2022,3,7,0
137,462,208,282,1294,2022,3,8,1
175,558,274,281,1589,2022,3,9,2
158,573,284,334,1657,2022,3,10,3
188,596,243,285,1675,2022,3,11,4
136,366,147,210,1640,2022,3,12,5
123,347,138,185,1437,2022,3,13,6
336,846,421,518,1883,2022,3,14,0
374,859,415,581,1838,2022,3,15,1
383,988,424,613,1960,2022,3,16,2
373,823,419,591,1897,2022,3,17,3
345,806,314,458,1687,2022,3,18,4
234,601,162,308,1872,2022,3,19,5
274,616,317,468,1730,2022,3,20,6
531,1121,475,710,2130,2022,3,21,0
569,1160,515,766,2035,2022,3,22,1
558,1164,502,749,1986,2022,3,23,2
575,1186,490,709,1911,2022,3,24,3
489,1021,376,587,1847,2022,3,25,4
180,403,143,201,1267,2022,3,26,5
363,731,358,524,1693,2022,3,28,0
461,932,452,651,1732,2022,3,29,1
522,961,428,631,1985,2022,3,30,2
548,993,469,670,1904,2022,3,31,3
613,1089,447,656,2031,2022,4,1,4
473,761,361,588,2052,2022,4,2,5
386,792,479,640,1852,2022,4,3,6
528,890,337,542,1512,2022,4,4,0
258,504,226,337,1222,2022,4,5,1
450,838,314,488,1791,2022,4,6,2
407,823,359,534,1591,2022,4,7,3
441,785,273,456,1481,2022,4,8,4
432,671,228,394,1651,2022,4,9,5
341,604,355,542,1340,2022,4,10,6
932,1619,819,1161,2398,2022,4,11,0
994,1868,915,1336,2254,2022,4,12,1
1064,1834,920,1225,2240,2022,4,13,2
564,996,371,594,1588,2022,4,14,3
469,785,490,774,1283,2022,4,15,4
598,904,608,925,1655,2022,4,16,5
509,902,828,1180,1326,2022,4,17,6
762,1342,1245,1644,1576,2022,4,18,0
1494,2376,1410,1928,2590,2022,4,19,1
1575,2719,1588,2127,2714,2022,4,20,2
1660,2865,1547,2151,2748,2022,4,21,3
1553,2701,1380,2025,2701,2022,4,22,4
985,1705,913,1366,2284,2022,4,23,5
855,1439,1118,1775,2077,2022,4,24,6
1559,2504,1411,2009,2415,2022,4,25,0
1861,2965,1564,2232,2728,2022,4,26,1
1676,2677,1244,1893,2376,2022,4,27,2
1374,2352,1000,1516,2082,2022,4,28,3
1424,2521,947,1563,2469,2022,4,29,4
997,1485,713,1072,2393,2022,4,30,5
1054,1388,679,1267,1516,2022,5,1,6
1485,2616,1282,1922,2265,2022,5,2,0
1610,2757,1386,1930,2185,2022,5,3,1
1679,3120,1509,2119,2603,2022,5,4,2
1656,2852,1328,1993,2130,2022,5,5,3
1734,3139,1529,2458,2591,2022,5,6,4
776,1300,595,985,1689,2022,5,7,5
747,1449,1019,1516,1756,2022,5,8,6
1751,3033,1604,2232,2407,2022,5,9,0
2091,3463,1800,2613,2565,2022,5,10,1
1233,2238,1008,1583,1981,2022,5,11,2
1869,3098,1346,2073,2213,2022,5,12,3
1813,3000,1485,2060,2479,2022,5,13,4
1139,1951,718,1559,2074,2022,5,14,5
994,1666,1262,1782,1969,2022,5,15,6
1897,3312,1814,2403,2497,2022,5,16,0
2013,3426,1731,2338,2339,2022,5,17,1
2383,3834,2230,3086,2754,2022,5,18,2
2144,3626,1969,2790,2684,2022,5,19,3
1904,3302,1404,2050,2224,2022,5,20,4
1312,2210,1081,1847,2172,2022,5,21,5
1018,1777,1341,2142,1699,2022,5,22,6
2328,3982,2347,3368,2803,2022,5,23,0
2665,4368,2553,3847,2808,2022,5,24,1
2223,3926,2068,3010,2601,2022,5,25,2
603,994,434,725,1179,2022,5,26,3
763,1464,566,863,1414,2022,5,27,4
771,1167,439,859,1370,2022,5,28,5
1422,2085,1198,1865,1717,2022,5,29,6
2502,4263,2469,3538,2824,2022,5,30,0
1193,1976,888,1338,1739,2022,5,31,1
2305,3845,2075,2929,2871,2022,6,1,2
1058,1772,702,1090,1557,2022,6,2,3
2169,3400,1544,2414,2819,2022,6,3,4
1248,2107,706,1304,2030,2022,6,4,5
1142,2043,1688,2492,1896,2022,6,5,6
2418,4119,2478,3771,3023,2022,6,6,0
2721,4447,2746,3875,3018,2022,6,7,1
2065,3352,1559,2395,2601,2022,6,8,2
2626,4310,2247,3394,2935,2022,6,9,3
2264,3564,1846,2893,2585,2022,6,10,4
1912,2950,1507,2785,2417,2022,6,11,5
1630,2476,1785,2823,1989,2022,6,12,6
2318,3929,2142,3380,2737,2022,6,13,0
2505,4304,2223,3220,2591,2022,6,14,1
2611,4373,2337,3397,2773,2022,6,15,2
2569,4438,2212,3223,2579,2022,6,16,3
2400,3971,1827,2979,2674,2022,6,17,4
600,979,342,566,1110,2022,6,18,5
1317,2134,1486,2487,1928,2022,6,19,6
